<?xml version="1.0" encoding="UTF-8"?>
<project-private xmlns="http://www.netbeans.org/ns/project-private/1">
    <data xmlns="http://www.netbeans.org/ns/make-project-private/1">
        <activeConfTypeElem>1</activeConfTypeElem>
        <activeConfIndexElem>0</activeConfIndexElem>
    </data>
    <editor-bookmarks xmlns="http://www.netbeans.org/ns/editor-bookmarks/1"/>
    <editor-bookmarks xmlns="http://www.netbeans.org/ns/editor-bookmarks/2" lastBookmarkId="0"/>
    <open-files xmlns="http://www.netbeans.org/ns/projectui-open-files/2">
        <group>
            <file>file:/C:/Users/Andrew/Documents/NetBeansProjects/CSC17A/Project%202/Project%202/Month.cpp</file>
            <file>file:/C:/Users/Andrew/Documents/NetBeansProjects/CSC17A/Project%202/Project%202/Vacation.cpp</file>
            <file>file:/C:/Users/Andrew/Documents/NetBeansProjects/CSC17A/Project%202/Project%202/Groceries.h</file>
            <file>file:/C:/Users/Andrew/Documents/NetBeansProjects/CSC17A/Project%202/Project%202/Groceries.cpp</file>
            <file>file:/C:/Users/Andrew/Documents/NetBeansProjects/CSC17A/Project%202/Project%202/Event.cpp</file>
            <file>file:/C:/Users/Andrew/Documents/NetBeansProjects/CSC17A/Project%202/Project%202/Calculate.h</file>
            <file>file:/C:/Users/Andrew/Documents/NetBeansProjects/CSC17A/Project%202/Project%202/Work.cpp</file>
            <file>file:/C:/Users/Andrew/Documents/NetBeansProjects/CSC17A/Project%202/Project%202/Birthday.cpp</file>
            <file>file:/C:/Users/Andrew/Documents/NetBeansProjects/CSC17A/Project%202/Project%202/main.cpp</file>
            <file>file:/C:/Users/Andrew/Documents/NetBeansProjects/CSC17A/Project%202/Project%202/Holidays.h</file>
            <file>file:/C:/Users/Andrew/Documents/NetBeansProjects/CSC17A/Project%202/Project%202/Holidays.cpp</file>
            <file>file:/C:/Users/Andrew/Documents/NetBeansProjects/CSC17A/Project%202/Project%202/Calculate.cpp</file>
            <file>file:/C:/Users/Andrew/Documents/NetBeansProjects/CSC17A/Project%202/Project%202/Event.h</file>
            <file>file:/C:/Users/Andrew/Documents/NetBeansProjects/CSC17A/Project%202/Project%202/Work.h</file>
            <file>file:/C:/Users/Andrew/Documents/NetBeansProjects/CSC17A/Project%202/Project%202/Birthday.h</file>
            <file>file:/C:/Users/Andrew/Documents/NetBeansProjects/CSC17A/Project%202/Project%202/Month.h</file>
            <file>file:/C:/Users/Andrew/Documents/NetBeansProjects/CSC17A/Project%202/Project%202/Vacation.h</file>
        </group>
    </open-files>
</project-private>
