<?xml version="1.0" encoding="UTF-8"?>
<configurationDescriptor version="90">
  <logicalFolder name="root" displayName="root" projectFiles="true" kind="ROOT">
    <logicalFolder name="HeaderFiles"
                   displayName="Header Files"
                   projectFiles="true">
      <itemPath>Abstract.h</itemPath>
      <itemPath>Birthday.h</itemPath>
      <itemPath>Calculate.h</itemPath>
      <itemPath>Event.h</itemPath>
      <itemPath>Groceries.h</itemPath>
      <itemPath>Holidays.h</itemPath>
      <itemPath>Month.h</itemPath>
      <itemPath>Test.h</itemPath>
      <itemPath>Vacation.h</itemPath>
      <itemPath>Work.h</itemPath>
    </logicalFolder>
    <logicalFolder name="ResourceFiles"
                   displayName="Resource Files"
                   projectFiles="true">
    </logicalFolder>
    <logicalFolder name="SourceFiles"
                   displayName="Source Files"
                   projectFiles="true">
      <itemPath>Abstract.cpp</itemPath>
      <itemPath>Birthday.cpp</itemPath>
      <itemPath>Calculate.cpp</itemPath>
      <itemPath>Event.cpp</itemPath>
      <itemPath>Groceries.cpp</itemPath>
      <itemPath>Holidays.cpp</itemPath>
      <itemPath>Month.cpp</itemPath>
      <itemPath>Vacation.cpp</itemPath>
      <itemPath>Work.cpp</itemPath>
      <itemPath>main.cpp</itemPath>
    </logicalFolder>
    <logicalFolder name="TestFiles"
                   displayName="Test Files"
                   projectFiles="false"
                   kind="TEST_LOGICAL_FOLDER">
    </logicalFolder>
    <logicalFolder name="ExternalFiles"
                   displayName="Important Files"
                   projectFiles="false"
                   kind="IMPORTANT_FILES_FOLDER">
      <itemPath>Makefile</itemPath>
    </logicalFolder>
  </logicalFolder>
  <projectmakefile>Makefile</projectmakefile>
  <confs>
    <conf name="Debug" type="1">
      <toolsSet>
        <compilerSet>default</compilerSet>
        <dependencyChecking>true</dependencyChecking>
        <rebuildPropChanged>false</rebuildPropChanged>
      </toolsSet>
      <compileType>
      </compileType>
      <item path="Abstract.cpp" ex="false" tool="1" flavor2="0">
      </item>
      <item path="Abstract.h" ex="false" tool="3" flavor2="0">
      </item>
      <item path="Birthday.cpp" ex="false" tool="1" flavor2="0">
      </item>
      <item path="Birthday.h" ex="false" tool="3" flavor2="0">
      </item>
      <item path="Calculate.cpp" ex="false" tool="1" flavor2="0">
      </item>
      <item path="Calculate.h" ex="false" tool="3" flavor2="0">
      </item>
      <item path="Event.cpp" ex="false" tool="1" flavor2="0">
      </item>
      <item path="Event.h" ex="false" tool="3" flavor2="0">
      </item>
      <item path="Groceries.cpp" ex="false" tool="1" flavor2="0">
      </item>
      <item path="Groceries.h" ex="false" tool="3" flavor2="0">
      </item>
      <item path="Holidays.cpp" ex="false" tool="1" flavor2="0">
      </item>
      <item path="Holidays.h" ex="false" tool="3" flavor2="0">
      </item>
      <item path="Month.cpp" ex="false" tool="1" flavor2="0">
      </item>
      <item path="Month.h" ex="false" tool="3" flavor2="0">
      </item>
      <item path="Test.h" ex="false" tool="3" flavor2="0">
      </item>
      <item path="Vacation.cpp" ex="false" tool="1" flavor2="0">
      </item>
      <item path="Vacation.h" ex="false" tool="3" flavor2="0">
      </item>
      <item path="Work.cpp" ex="false" tool="1" flavor2="0">
      </item>
      <item path="Work.h" ex="false" tool="3" flavor2="0">
      </item>
      <item path="main.cpp" ex="false" tool="1" flavor2="0">
      </item>
    </conf>
    <conf name="Release" type="1">
      <toolsSet>
        <compilerSet>default</compilerSet>
        <dependencyChecking>true</dependencyChecking>
        <rebuildPropChanged>false</rebuildPropChanged>
      </toolsSet>
      <compileType>
        <cTool>
          <developmentMode>5</developmentMode>
        </cTool>
        <ccTool>
          <developmentMode>5</developmentMode>
        </ccTool>
        <fortranCompilerTool>
          <developmentMode>5</developmentMode>
        </fortranCompilerTool>
        <asmTool>
          <developmentMode>5</developmentMode>
        </asmTool>
      </compileType>
      <item path="Abstract.cpp" ex="false" tool="1" flavor2="0">
      </item>
      <item path="Abstract.h" ex="false" tool="3" flavor2="0">
      </item>
      <item path="Birthday.cpp" ex="false" tool="1" flavor2="0">
      </item>
      <item path="Birthday.h" ex="false" tool="3" flavor2="0">
      </item>
      <item path="Calculate.cpp" ex="false" tool="1" flavor2="0">
      </item>
      <item path="Calculate.h" ex="false" tool="3" flavor2="0">
      </item>
      <item path="Event.cpp" ex="false" tool="1" flavor2="0">
      </item>
      <item path="Event.h" ex="false" tool="3" flavor2="0">
      </item>
      <item path="Groceries.cpp" ex="false" tool="1" flavor2="0">
      </item>
      <item path="Groceries.h" ex="false" tool="3" flavor2="0">
      </item>
      <item path="Holidays.cpp" ex="false" tool="1" flavor2="0">
      </item>
      <item path="Holidays.h" ex="false" tool="3" flavor2="0">
      </item>
      <item path="Month.cpp" ex="false" tool="1" flavor2="0">
      </item>
      <item path="Month.h" ex="false" tool="3" flavor2="0">
      </item>
      <item path="Test.h" ex="false" tool="3" flavor2="0">
      </item>
      <item path="Vacation.cpp" ex="false" tool="1" flavor2="0">
      </item>
      <item path="Vacation.h" ex="false" tool="3" flavor2="0">
      </item>
      <item path="Work.cpp" ex="false" tool="1" flavor2="0">
      </item>
      <item path="Work.h" ex="false" tool="3" flavor2="0">
      </item>
      <item path="main.cpp" ex="false" tool="1" flavor2="0">
      </item>
    </conf>
  </confs>
</configurationDescriptor>
